MATRIX_NAME=OPGAVETYPE;;
MATRIX_DIMENSIONS=2;;
MATRIX_CELLTYPE=INTEGER;;
MATRIX_XTYPE=OPGAVETYPE;;
MATRIX_YTYPE=OpgavetypeID;;
MATRIX_ZTYPE=null;;
MATRIX_USE_DEFAULT=NO;;
MATRIX_DEFAULT=false;;
MATRIX_EMPTY_CELL_SIGN=-;;
IndsatsTypeEnum;IndsatsParameterNavnEnum (Udviklernes navn);EFIVaerdiTypeKode
KREDITOPLYSNINGSBUREAU;KREDITOPLYSNINGSBUREAU_OPGAVETYPE_VARSEL_OM_INDBERETNING;1
;KREDITOPLYSNINGSBUREAU_OPGAVETYPE_MEDDELELSE_OM_INDBERETNING;2
;KREDITOPLYSNINGSBUREAU_OPGAVETYPE_ANGIV_FUNDAMENTDATO;3
HENSTAND;HENSTAND_OPGAVETYPE_BEVILGET;4
;HENSTAND_OPGAVETYPE_AENDRE_UDLOEB;5
;HENSTAND_OPGAVETYPE_OPHOER;6
;HENSTAND_OPGAVETYPE_GENSEND;8
UDLAEG;UDLAEG_OPGAVETYPE_VAELG_ADRESSE_TILSIG_ENKELTMANDSVIRKSOMHED_MANUELT;9
;UDLAEG_OPGAVETYPE_SEND_ANMODNING_POLITIEFTERSOEGNING;10
;UDLAEG_OPGAVETYPE_ADRESSE_AENDRET_EFTERSOEGT_KUNDE;11
;UDLAEG_OPGAVETYPE_TILSIGELSE_UDLAEGSFORRETNING;12
;UDLAEG_OPGAVETYPE_UDLAEGSFORRETNING_FOGED;13
;UDLAEG_OPGAVETYPE_UDLAEGSFORRETNING_KUNDE;14
;UDLAEG_OPGAVETYPE_UDLAEGSFORRETNING_KUNDE_OPFOELGNING_EJ_GENNEMFOERT_UDLAEG;15
;UDLAEG_OPGAVETYPE_UDLAEGSFORRETNING_FOGED_VEDR_FORTRINSBERETTIGEDE_FORDRINGER;16
;UDLAEG_OPGAVETYPE_RYK_ADMINISTRATOR_ADKOMSTERKLAERING;17
;UDLAEG_OPGAVETYPE_ANMOD_FORLAENGELSE_FRIST_VEDR_TINGLYSNING_ANDELSBOLIG;18
;UDLAEG_OPGAVETYPE_VURDER_SVAR_TINGLYSNING;19
;UDLAEG_OPGAVETYPE_FORAELDER_SNART;20
;UDLAEG_OPGAVETYPE_AKTIV_FORAELDET;21
;UDLAEG_OPGAVETYPE_UDLAEG_AFSLUTTET_AUTOMATISK;22
;UDLAEG_OPGAVETYPE_UDLAEG_MEDDELELSE_TIL_POLITI_OM_ANMODNING_OM_POLITIFREMSTILLING_BLEV_IKKE_AFSENDT;249
;UDLAEG_OPGAVETYPE_UDLAEG_MEDDELELSE_TIL_POLITI_OM_ANMODNING_OM_POLITIEFTERSOEGNING_BLEV_IKKE_AFSENDT;250
RYKKER;RYKKER_OPGAVETYPE_BOOK_RESSOURCE_TELEFON;23
;RYKKER_OPGAVETYPE_SAGSBEHANDLER;267
LOENINDEHOLDELSE;LOENINDEHOLDELSE_OPGAVETYPE_SAGSBEHANDLER_TIL_VURDERING_AF_YDERLIGERE_INDRIVELSE;24
;LOENINDEHOLDELSE_OPGAVETYPE_SAGSBEHANDLER_TIL_OPFOELGNING_PAA_LOENINDEHOLDELSE;25
;LOENINDEHOLDELSE_OPGAVETYPE_MEDDELELSE_OM_FORHOEJET_LOENINDEHOLDELSESPROCENT;26
;LOENINDEHOLDELSE_OPGAVETYPE_MEDDELELSE_OM_GENOPTAG_LOENINDEHOLDELSE;27
;LOENINDEHOLDELSE_OPGAVETYPE_VARSEL_OM_STIGNING_AF_LOENINDEHOLDELSE;28
;LOENINDEHOLDELSE_OPGAVETYPE_IVAERKSAET_STIGNING_AF_LOENINDEHOLDELSE;29
;LOENINDEHOLDELSE_OPGAVETYPE_MEDDELELSE_OM_NEDSAETTELSE_AF_LOENINDEHOLDELSESPROCENT;30
;LOENINDEHOLDELSE_OPGAVETYPE_ANMOD_KUNDE_OM_LOENOPLYSNINGER;31
;LOENINDEHOLDELSE_OPGAVETYPE_NEDSAET_LOENINDEHOLDELSE;32
;LOENINDEHOLDELSE_OPGAVETYPE_MEDDELELESE_OM_YDERLIGERE_FORDRING;33
;LOENINDEHOLDELSE_OPGAVETYPE_SAGSBEHANDLER_TIL_FORSKUDSREGISTRERING;34
;LOENINDEHOLDELSE_OPGAVETYPE_VARSLING_FOR_LOENINDEHOLDELSE;35
;LOENINDEHOLDELSE_OPGAVETYPE_MEDDELELSE_OM_IVAERKSAET_LOENINDEHOLDELSE;36
BOBEHANDLING;BOB_DOEDSBO_OPGAVETYPE_AFSLUT_BOSAG;37
;BOB_DOEDSBO_OPGAVETYPE_DIVIDENDE_MODTAGET;38
;BOB_DOEDSBO_OPGAVETYPE_ER_BOET_AFSLUTTET;39
;BOB_DOEDSBO_OPGAVETYPE_BETALINGSFORSLAG_MODTAGET;40
;BOB_DOEDSBO_OPGAVETYPE_GAELD_INDFRIET;41
;BOB_DOEDSBO_OPGAVETYPE_KVITT_FRA_MEDHJAELPER;42
;BOB_DOEDSBO_OPGAVETYPE_OPRET_BOSAG_SEND_ANMELDELSE;43
;BOB_DOEDSBO_OPGAVETYPE_OPRET_PLUKOPGAVE;44
;BOB_DOEDSBO_OPGAVETYPE_MEDDELELSE_TIL_EFTERLADTE_OM_GAELD;45
;BOB_DOEDSBO_OPGAVETYPE_SVAR_FRA_DK_AMBASSADE;46
;BOB_DOEDSBO_OPGAVETYPE_SVAR_FRA_SKIFTERET;47
;BOB_EFTERGIVELSE_OPGAVETYPE_AFSLUT_BOSAG;48
;BOB_EFTERGIVELSE_OPGAVETYPE_OPHAEV_EFTERGIVELSE;49
;BOB_EFTERGIVELSE_OPGAVETYPE_DOKUMENTATION_MODTAGET;50
;BOB_EFTERGIVELSE_OPGAVETYPE_OPRET_EFTERGIVELSESANSOEGNING;51
;BOB_EFTERGIVELSE_OPGAVETYPE_UDARBEJD_REMONSTRATIONSUDTALELSE;52
;BOB_EFTERGIVELSE_OPGAVETYPE_OPRET_PLUKOPGAVE;53
;BOB_EFTERGIVELSE_OPGAVETYPE_SVAR_FRA_KLAGEINSTANS;54
;BOB_EFTERGIVELSE_OPGAVETYPE_OPFOELGNING_ESG_SAG;55
;BOB_GAELDSSANERING_OPGAVETYPE_AFSLUT_BOSAG;248
;BOB_GAELDSSANERING_OPGAVETYPE_GAELDSSANERINGSFORSLAG_MODTAGET;56
;BOB_GAELDSSANERING_OPGAVETYPE_KENDELSE_AFSAGT;57
;BOB_GAELDSSANERING_OPGAVETYPE_KVITT_RETUR_FRA_MEDHJAELPER;58
;BOB_GAELDSSANERING_OPGAVETYPE_OPRET_BOSAG_SEND_ANMELDELSE;59
;BOB_GAELDSSANERING_OPGAVETYPE_ANMOD_SKIFTERETTEN_OM_GENOPTAGELSE_ELLER_OHÆVELSE;60
;BOB_GAELDSSANERING_OPGAVETYPE_ANMOD_KAMMERADVOKAT_OM_KÆRESAG;61
;BOB_GAELDSSANERING_OPGAVETYPE_OPRET_PLUKOPGAVE;62
;BOB_GAELDSSANERING_OPGAVETYPE_SVAR_FRA_KAMMERADVOKAT;63
;BOB_GAELDSSANERING_OPGAVETYPE_SVAR_FRA_SKIFTERET;64
;BOB_INDGIVELSE_AF_KONKURSBEGAERING_OPGAVETYPE_AFSLUT_BOSAG;65
;BOB_INDGIVELSE_AF_KONKURSBEGAERING_OPGAVETYPE_DEKREFT_AFSAGT;66
;BOB_INDGIVELSE_AF_KONKURSBEGAERING_OPGAVETYPE_KVITT_RETUR_FRA_KAMMERADVOKAT_ELLER_SKIFTERET;67
;BOB_INDGIVELSE_AF_KONKURSBEGAERING_OPGAVETYPE_MEDDELELSE_KONKURSBEGAERING;68
;BOB_INDGIVELSE_AF_KONKURSBEGAERING_OPGAVETYPE_OPFOELGNING_VARSEL_OM_KONKURSBEGAERING;69
;BOB_INDGIVELSE_AF_KONKURSBEGAERING_OPGAVETYPE_OPRET_PLUKOPGAVE;70
;BOB_INDGIVELSE_AF_KONKURSBEGAERING_OPGAVETYPE_OPRET_BOSAG_SEND_VARSEL;71
;BOB_KONKURS_SELSKABER_OPGAVETYPE_AFSLUT_BOSAG;72
;BOB_KONKURS_SELSKABER_OPGAVETYPE_NEDSKRIV_FORDRING;73
;BOB_KONKURS_SELSKABER_OPGAVETYPE_MEDDELELSE_FOGED_HENT_TOLDDATAPLADER_REGISTRERINGSBEVIS;74
;BOB_KONKURS_SELSKABER_OPGAVETYPE_MEDDELELSE_MOTOR_LUK_KREDIT;75
;BOB_KONKURS_SELSKABER_OPGAVETYPE_CIRKULAERESKRIVELSE_MODTAGET;76
;BOB_KONKURS_SELSKABER_OPGAVETYPE_MEDDELELSE_COR_INDSAETTELSE_AF_LG_KRAV;77
;BOB_KONKURS_SELSKABER_OPGAVETYPE_DIVIDENDE_MODTAGET;78
;BOB_KONKURS_SELSKABER_OPGAVETYPE_SIKERHEDSSTILLELSE_MODTAGET;79
;BOB_KONKURS_SELSKABER_OPGAVETYPE_ANGIVELSE_OG_BETALING_MODTAGET_FRA_BOET;80
;BOB_KONKURS_SELSKABER_OPGAVETYPE_VISITER_SAG_BINDENDE_SVAR;81
;BOB_KONKURS_SELSKABER_OPGAVETYPE_MEDDELELSE_SAC_OM_SIKKERHEDSSTILLELSE;82
;BOB_KONKURS_SELSKABER_OPGAVETYPE_KONKURSSKATTEPLIGT_125,1;83
;BOB_KONKURS_SELSKABER_OPGAVETYPE_KVITT_RETUR_AF_ANMELDELSE;84
;BOB_KONKURS_SELSKABER_OPGAVETYPE_DRIFTNORM_AFSLUTTET;85
;BOB_KONKURS_SELSKABER_OPGAVETYPE_OPRET_BOSAG_SEND_ANMELDELSE;86
;BOB_KONKURS_SELSKABER_OPGAVETYPE_SEND_EFTERANMELDELSE_KURATOR;87
;BOB_KONKURS_SELSKABER_OPGAVETYPE_UDBETAL_MOMSREFUSION;88
;BOB_KONKURS_SELSKABER_OPGAVETYPE_UNDERSOEG_VOGNMANDSGARANTI;89
;BOB_KONKURS_SELSKABER_OPGAVETYPE_OPRET_PLUKOPGAVE;90
;BOB_KREDITORORDNING_OPGAVETYPE_AFSLUT_BOSAG;91
;BOB_KREDITORORDNING_OPGAVETYPE_NEDSKRIV_FORDRING;92
;BOB_KREDITORORDNING_OPGAVETYPE_DIVIDENDE_MODTAGET;93
;BOB_KREDITORORDNING_OPGAVETYPE_OPRET_BOSAG_SEND_KVITTERING;94
;BOB_KREDITORORDNING_OPGAVETYPE_OPRET_PLUKOPGAVE;95
;BOB_REKONSTRUKTION_OPGAVETYPE_AFSLUT_BOSAG;96
;BOB_REKONSTRUKTION_OPGAVETYPE_KVITT_RETUR_FRA_REKONSTRUKTOER;97
;BOB_REKONSTRUKTION_OPGAVETYPE_DIVIDENDE_MODTAGET;98
;BOB_REKONSTRUKTION_OPGAVETYPE_OPRET_BOSAG_SEND_ANMELDELSE;99
;BOB_REKONSTRUKTION_OPGAVETYPE_RESULTAT_AF_REKONSTRUKTION_MODTAGET;100
;BOB_REKONSTRUKTION_OPGAVETYPE_REKONSTRUKTIONSFORSLAG_MODTAGET;101
;BOB_REKONSTRUKTION_OPGAVETYPE_STATUS_PAA_SAG;102
;BOB_REKONSTRUKTION_OPGAVETYPE_OPRET_PLUKOPGAVE;103
;BOB_TVANGSOPLOESNING_OPGAVETYPE_AFSKRIV_FORDRING;104
;BOB_TVANGSOPLOESNING_OPGAVETYPE_DRIFTSFORM_AFSLUTTET;105
;BOB_TVANGSOPLOESNING_OPGAVETYPE_KVITT_RETUR_FRA_LIKVIDATOR;106
;BOB_TVANGSOPLOESNING_OPGAVETYPE_OPRET_BOSAG_SEND_ANMELDELSE;107
;BOB_TVANGSOPLOESNING_OPGAVETYPE_AFSLUT_BOSAG;108
;BOB_TVANGSOPLOESNING_OPGAVETYPE_DIVIDENDE_MODTAGET;109
;BOB_TVANGSOPLOESNING_OPGAVETYPE_OPRET_PLUKOPGAVE;110
;BOB_KONKURS_PERSONLIG_OPGAVETYPE_AFLSUT_BOSAG;111
;BOB_KONKURS_PERSONLIG_OPGAVETYPE_AFSKRIV_FORDRING;112
;BOB_KONKURS_PERSONLIG_OPGAVETYPE_MEDDELELSE_FOGED_HENT_TOLDDATAPLADER_REGISTRERINGSBEVIS;113
;BOB_KONKURS_PERSONLIG_OPGAVETYPE_MEDDELELSE_MOTOR_LUK_KREDIT;114
;BOB_KONKURS_PERSONLIG_OPGAVETYPE_CIRKULAERE_MODTAGET;115
;BOB_KONKURS_PERSONLIG_OPGAVETYPE_MEDDELELSE_COR_INDSAETTELSE_LG_KRAV;116
;BOB_KONKURS_PERSONLIG_OPGAVETYPE_DIVIDENDE_MODTAGET;117
;BOB_KONKURS_PERSONLIG_OPGAVETYPE_SIKKERHEDSSTILLELSE_MODTAGET;118
;BOB_KONKURS_PERSONLIG_OPGAVETYPE_ANGIVELSE_OG_BETALING_MODTAGET;119
;BOB_KONKURS_PERSONLIG_OPGAVETYPE_VISITER_SAG_BINDENDE_SVAR;120
;BOB_KONKURS_PERSONLIG_OPGAVETYPE_MEDDELELSE_SAC_OM_SIKKERHEDSSTILLELSE;121
;BOB_KONKURS_PERSONLIG_OPGAVETYPE_KONKURSSKATTEPLIGT_125,1;122
;BOB_KONKURS_PERSONLIG_OPGAVETYPE_KVITTERING_MODTAGET;123
;BOB_KONKURS_PERSONLIG_OPGAVETYPE_DRIFTNORM_AFSLUTTET;124
;BOB_KONKURS_PERSONLIG_OPGAVETYPE_OPRET_BOSAG_SEND_ANMELDELSE;125
;BOB_KONKURS_PERSONLIG_OPGAVETYPE_SEND_EFTERANMELDELSE_KURATOR;126
;BOB_KONKURS_PERSONLIG_OPGAVETYPE_UDBETAL_MOMSREFUSION;127
;BOB_KONKURS_PERSONLIG_OPGAVETYPE_UNDERSOEG_VOGNMANDSGARANTI;128
;BOB_KONKURS_PERSONLIG_OPGAVETYPE_OPRET_PLUKOPGAVE;129
;BOB_DOEDSBO_OPGAVETYPE_KLARGOER_BOSAG;203
;BOB_DOEDSBO_OPGAVETYPE_NY_FORDRING_TILFOEJET;204
;BOB_DOEDSBO_OPGAVETYPE_MEDDELELSE_IKKE_AFSENDT;205
;BOB_EFTERGIVELSE_OPGAVETYPE_KLARGOER_BOSAG;208
;BOB_EFTERGIVELSE_OPGAVETYPE_NY_FORDRING_TILFOEJET;209
;BOB_EFTERGIVELSE_OPGAVETYPE_MEDDELELSE_IKKE_AFSENDT;210
;BOB_EFTERGIVELSE_OPGAVETYPE_BETALINGSORDNING_MISLIGHOLDT;212
;BOB_GAELDSSANERING_OPGAVETYPE_KLARGOER_BOSAG;213
;BOB_GAELDSSANERING_OPGAVETYPE_NY_FORDRING_TILFOEJET;214
;BOB_GAELDSSANERING_OPGAVETYPE_MEDDELELSE_IKKE_AFSENDT;215
;BOB_GAELDSSANERING_OPGAVETYPE_BETALINGSORDNING_MISLIGHOLDT;217
;BOB_INDGIVELSE_AF_KONKURSBEGAERING_OPGAVETYPE_KLARGOER_BOSAG;218
;BOB_INDGIVELSE_AF_KONKURSBEGAERING_OPGAVETYPE_NY_FORDRING_TILFOEJET;219
;BOB_INDGIVELSE_AF_KONKURSBEGAERING_OPGAVETYPE_MEDDELELSE_IKKE_AFSENDT;220
;BOB_KONKURS_SELSKABER_OPGAVETYPE_KLARGOER_BOSAG;223
;BOB_KONKURS_SELSKABER_OPGAVETYPE_NY_FORDRING_TILFOEJET;224
;BOB_KONKURS_SELSKABER_OPGAVETYPE_'MEDDELELSE_IKKE_AFSENDT;225
;BOB_KONKURS_SELSKABER_OPGAVETYPE_OPFOELGNING_PAA_CIRKULAERESKRIVELSE;226
;BOB_KREDITORORDNING_OPGAVETYPE_KLARGOER_BOSAG;228
;BOB_KREDITORORDNING_OPGAVETYPE_NY_FORDRING_TILFOEJET;229
;BOB_KREDITORORDNING_OPGAVETYPE_MEDDELELSE_IKKE_AFSENDT;230
;BOB_KREDITORORDNING_OPGAVETYPE_BETALINGSORDNING_MISLIGHOLDT;232
;BOB_REKONSTRUKTION_OPGAVETYPE_KLARGOER_BOSAG;233
;BOB_REKONSTRUKTION_OPGAVETYPE_NY_FORDRING_TILFOEJET;234
;BOB_REKONSTRUKTION_OPGAVETYPE_MEDDELELSE_IKKE_AFSENDT;235
;BOB_REKONSTRUKTION_OPGAVETYPE_OPFOELGNING_PAA_CIRKULAERESKRIVELSE;236
;BOB_REKONSTRUKTION_OPGAVETYPE_BETALINGSORDNING_MISLIGHOLDT;237
;BOB_TVANGSOPLOESNING_OPGAVETYPE_KLARGOER_BOSAG;238
;BOB_TVANGSOPLOESNING_OPGAVETYPE_NY_FORDRING_TILFOEJET;239
;BOB_TVANGSOPLOESNING_OPGAVETYPE_MEDDELELSE_IKKE_AFSENDT;240
;BOB_TVANGSOPLOESNING_OPGAVETYPE_OPFOELGNING_PAA_CIRKULAERESKRIVELSE;241
;BOB_KONKURS_PERSONLIG_OPGAVETYPE_KLARGOER_BOSAG;243
;BOB_KONKURS_PERSONLIG_OPGAVETYPE_NY_FORDRING_TILFOEJET;244
;BOB_KONKURS_PERSONLIG_OPGAVETYPE_MEDDELELSE_IKKE_AFSENDT;245
;BOB_KONKURS_PERSONLIG_OPGAVETYPE_OPFOELGNING_PAA_CIRKULAERESKRIVELSE;246
BOEDEFORVANDLSTRAF;BOEDEFORVANDLSTRAF_OPGAVETYPE_ANMOD_OM_AFSONING_AFLYST;130
;BOEDEFORVANDLSTRAF_OPGAVETYPE_BOOK_RESSOURCE_ANMOD_AFSONING;131
;BOEDEFORVANDLSTRAF_OPGAVETYPE_GENSEND_KORREKTION_TIL_POLITIET;132
;BOEDEFORVANDLSTRAF_OPGAVETYPE_GENSEND_MEDDELELSE;133
;BOEDEFORVANDLSTRAF_OPGAVETYPE_RYK_POLITI_FOR_AFSONING;134
;BOEDEFORVANDLSTRAF_OPGAVETYPE_VARSEL_OM_AFSONING;135
;BOEDEFORVANDLSTRAF_OPGAVETYPE_VURDER_KORREKTIONER;136
BETALINGSORDNING;BETALINGSORDNING_OPGAVETYPE_MEDDELELSE_AENDRING_AF_BETALINGSORDNING_BETALINGSEVNE_AENDRET;137
;BETALINGSORDNING_OPGAVETYPE_MEDDELELSE_AENDRING_AF_BETALINGSORDNING_NYE_FORDRINGER;138
;BETALINGSORDNING_OPGAVETYPE_MEDDELELSE_FRIVILLIG_BETALINGSORDNING;139
;BETALINGSORDNING_OPGAVETYPE_MEDDELELSE_TVUNGEN_BETALINGSORDNING;140
;BETALINGSORDNING_OPGAVETYPE_MEDDELELSE_RATEBELOEB_AENDRET;141
;BETALINGSORDNING_OPGAVETYPE_MEDDELELSE_OM_SKIFT_TIL_AUTOMATISK;142
;BETALINGSORDNING_OPGAVETYPE_BOOK_RESSOURCE_TIL_MEDDELELSESFEJL;143
;BETALINGSORDNING_OPGAVETYPE_BOOK_RESSOURCE_TIL_OPFOELGNING;144
KUNDEMOEDE;KUNDEMOEDE_OPGAVETYPE_BOOK_RESSOURCE_TIL_KUNDEMOEDE;146
;KUNDEMOEDE_OPGAVETYPE_BOOK_RESSOURCE_TIL_UDGAAENDE_KUNDEMOEDE;147
;KUNDEMOEDE_OPGAVETYPE_MEDDELELSE_OM_KUNDEMOEDE;148
;KUNDEMOEDE_OPGAVETYPE_MEDDELELSE_OM_KUNDEMOEDE_IKKE_AFSENDT;261
;KUNDEMOEDE_OPGAVETYPE_BOOKINGFEJL_VED_OPRET_KUNDEMOEDE;262
MANUELSAGSBEHANDL;MAN_OPGAVETYPE_MEDDELELSE_IKKE_SENDT;
;MAN_OPGAVETYPE_BOOK_SAGSBEHANDLER_IGANGSAET;
;MAN_OPGAVETYPE_INDSATSENS_SALDO_ER_AENDRET;
;MAN_OPGAVETYPE_BOBEHANDLINGSOPLYSNINGER_MODTAGET;
;MAN_OPGAVETYPE_TELEFONOPGAVE;
;MAN_AKTINDSIGT_OPGAVETYPE_SEND_AFGOERELSE;150
;MAN_ARREST_OPGAVETYPE_BOOK_GODKENDER_TIL_INDSTILLING;151
;MAN_ARREST_OPGAVETYPE_OPFOELGNING_SVAR_FRA_KAMMERADVOKAT;152
;MAN_ANMELDELSE_UDLÆG_OPGAVETYPE_OPFOELGNING_DENUNCIATION;153
;MAN_ANMELDELSE_UDLÆG_OPGAVETYPE_KVITT_RETUR_LUFTFARTOEJ;154
;MAN_ANMELDELSE_UDLÆG_OPGAVETYPE_KVITT_RETUR_SKIB ;155
;MAN_CIVILRETLIGE_FORD_OPGAVETYPE_OPFOELGNING_FRIVILLIGT_FORLIG_MODTAGET_RETUR ;156
;MAN_CIVILRETLIGE_FORD_OPGAVETYPE_OPFOELGNING_BETALINGSPAAKRAV;157
;MAN_CIVILRETLIGE_FORD_OPGAVETYPE_OPFOELGNING_UDLÆG_FORTAGET_AF_FOGEDRETTEN ;158
;MAN_CIVILRETLIGE_FORD_OPGAVETYPE_OPFOELGNING_CIVILT_SOEGSMAAL;159
;MAN_HAANDPANT_OPGAVETYPE_RESSOURCE_UDLEVERING_AKTIVER;160
;MAN_INDDRAGELSE_ERHVERVSREGISTRERING_OPGAVETYPE_OPFOELGNING_ANGIVELSER_MODTAGET;161
;MAN_INDDRAGELSE_ERHVERVSREGISTRERING_OPGAVETYPE_OPFOELGNING_RESTANCE_BETALT;162
;MAN_INDDRAGELSE_ERHVERVSREGISTRERING_OPGAVETYPE_OPFOELGNING_KREDITBEGRÆNSNING;163
;MAN_INDDRAGELSE_ERHVERVSREGISTRERING_OPGAVETYPE_OPFOELGNING_INDDRAGELSE_AF_REGISTRERING;164
;MAN_KLAGE_OVER_FORDRING_OPGAVETYPE_OPFOELGNING_SVAR_FRA_FORDRINGSHAVER;165
;MAN_KLAGE_OVER_FORDRING_OPGAVETYPE_OPFOELGNING_SVAR_FRA_FORDRINGSHAVER_EFTER_RYKKER;166
;MAN_KLAGE_AFGOERELSE_OPGAVETYPE_OVER_LOENHOLDELSE;167
;MAN_KLAGE_AFGOERELSE_OPGAVETYPE_OVER_BETALINGSORDNING;168
;MAN_KLAGE_AFGOERELSE_OPGAVETYPE_OVER_BETALINGSEVNEVURDERING;169
;MAN_KLAGE_AFGOERELSE_OPGAVETYPE_OVER_MODREGNING;170
;MAN_KLAGE_AFGOERELSE_OPGAVETYPE_OVER_EFTERGIVELSE ;171
;MAN_KLAGE_AFGOERELSE_OPGAVETYPE_OVER_ANDET;172
;MAN_KLAGE_AFGOERELSE_OPGAVETYPE_OPFOELGNING_SVAR_KLAGEINSTANS;173
;MAN_KLAGE_AFGOERELSE_OPGAVETYPE_OPFOELGNING ;174
;MAN_KLAGE_UDLÆG_OPGAVETYPE_OPFOELGNING_SVAR_FRA_FOGEDRETTEN;175
;MAN_RYKNINGSPAATEGNING_OPGAVETYPE_OPFOELGNING;176
;MAN_RYKNINGSPAATEGNING_OPGAVETYPE_INDBERETNING_ETINGLYSNING;177
;MAN_RYKNINGSPAATEGNING_OPGAVETYPE_OPFOELGNING_SALG_EJENDOM;178
;MAN_RYKNINGSPAATEGNING_OPGAVETYPE_AFLYS_EVT_TINGLYSNING;179
;MAN_RYKNINGSPAATEGNING_OPGAVETYPE_OPFOELGNING_FREMTIDIG_RESPEKT;180
;MAN_SKADELOES_TRANSPORT_OPGAVETYPE_MODTAGET_RETUR ;181
;MAN_SKADELOES_TRANSPORT_OPGAVETYPE_OPFOELGNING_KVITT_RETUR_FORDRINGSDEBITOR;182
;MAN_TVANGSSALG_ANDELSBOLIG_OPGAVETYPE_BOOK_GODKENDER_TIL_INDSTILLING;183
;MAN_TVANGSSALG_ANDELSBOLIG_OPGAVETYPE_OPFOELGNING_SVAR_FRA_GODKENDER;184
;MAN_TVANGSSALG_ANDELSBOLIG_OPGAVETYPE_OPFOELGNING_EFTER_VARSEL;185
;MAN_TVANGSSALG_ANDELSBOLIG_OPGAVETYPE_OPFOELGNING_SVAR_FRA_FOGEDRETTEN;186
;MAN_TVANGSSALG_DIVERSE_OPGAVETYPE_OPFOELGNING_EFTER_VARSEL;187
;MAN_TVANGSSALG_DIVERSE_OPGAVETYPE_BOOK_RESSOURCE_AFHENTNING_AKTIVER;188
;MAN_TVANGSSALG_DIVERSE_OPGAVETYPE_OPFOELGNING_SVAR_FRA_FOGEDRETTEN_VEDR_AKTIVER;189
;MAN_TVANGSSALG_DIVERSE_OPGAVETYPE_OPFOELGNING_SVAR_FRA_FOGEDRETTEN_VEDR_FONDSAKTIVER;190
;MAN_TVANGSSALG_FAST_EJENDOM_OPGAVETYPE_BOOK_GODKENDER_TIL_INDSTILLING;191
;MAN_TVANGSSALG_FAST_EJENDOM_OPGAVETYPE_OPFOELGNING_SVAR_FRA_GODKENDER;192
;MAN_TVANGSSALG_FAST_EJENDOM_OPGAVETYPE_OPFOELGNING_TVANGSAUKTION_EFTER_VARSEL;193
;MAN_TVANGSSALG_FAST_EJENDOM_OPGAVETYPE_OPFOELGNING_SVAR_FRA_ADVOKAT;194
;MAN_UDLAND_OPGAVETYPE_EFTER_VARSEL_OM_INDDRIVELSE_UDLAND;195
;MAN_UDLAND_OPGAVETYPE_OPFOELGNING_KVITT_RETUR_VEDR_OVERSENDELSE;196
;MAN_UDLAND_OPGAVETYPE_OPFOELGNING_SAGENS_FORLOEB ;197
;MAN_TELEFONINKASSO_OPGAVETYPE_BOOK_RESSOURCE;198
;MAN_TELEFONINKASSO_OPGAVETYPE_OPFOELGNING;199
;MAN_MAN_OPGAVETYPE_BOOK_RESSOURCE;200
;MAN_MAN_OPGAVETYPE_OPFOELGNING;201
;MAN_BOEDEFORVANDLSTRAF_MANUEL_OPGAVETYPE_ANMOD_OM_AFSONING_AFLYST;268
;MAN_BOEDEFORVANDLSTRAF_MANUEL_OPGAVETYPE_BOOK_RESSOURCE_ANMOD_AFSONING;269
;MAN_BOEDEFORVANDLSTRAF_MANUEL_OPGAVETYPE_GENSEND_KORREKTION_TIL_POLITIET;270
;MAN_BOEDEFORVANDLSTRAF_MANUEL_OPGAVETYPE_GENSEND_MEDDELELSE;271
;MAN_BOEDEFORVANDLSTRAF_MANUEL_OPGAVETYPE_RYK_POLITI_FOR_AFSONING;272
;MAN_BOEDEFORVANDLSTRAF_MANUEL_OPGAVETYPE_VARSEL_OM_AFSONING;273
;MAN_BOEDEFORVANDLSTRAF_MANUEL_OPGAVETYPE_VURDER_KORREKTIONER;274
BETALINGSEVNEBEREGNING;BEBB_OPGAVETYPE_TILGANG_OG_AFGANG_AF_BILER;251
;BEBB_OPGAVETYPE_GODKEND_BUDGET;252
;BEBB_OPGAVETYPE_DOEDSFALD_PAA_KUNDENS_ADRESSE;253
;BEBB_OPGAVETYPE_KOEB_OG_SALG_AF_EJENDOM;254
;BEBB_OPGAVETYPE_TIL_OG_FRAFLYTNING_ PAA_KUNDENS_ADRESSE;255
ERKEND_FORDRING;ERKEND_FORDRING_OPGAVETYPE_MEDDELELSE_ERKENDELSESBREV;256
;ERKEND_FORDRING_OPGAVETYPE_MEDDELELSE_IKKE_AFSENDT;257
;ERKEND_FORDRING_OPGAVETYPE_OPFOELGNING_ERKENDELSESBREV_IKKE_MODTAGET;258
MODTAG_FORDRING;MODTAG_FORDRING_OPGAVETYPE_GODKEND_AFSKRIVNING;263
;MODTAG_FORDRING_OPGAVETYPE_GODKEND_TRANSPORT;264
;MODTAG_FORDRING_OPGAVETYPE_INDENTIFICER_ALTERNATIV_KONTAKT;265
;MODTAG_FORDRING_OPGAVETYPE_AFSKRIVNING_AFVIST;266
EFI_ESDH_OG_A&D_INTEGRATION;EFI_ESDH_OG_A&D_INTEGRATION_OPGAVETYPE_MODTAG_POST_UDEN_STREGKODE;275
STOP_FOR_AUTOMATISK_SPORSKIFTE;STOP_FOR_AUTOMATISK_SPORSKIFTE_OPGAVETYPE_OPFOELGNING;276
